<?xml version="1.0" encoding="UTF-8"?>
<project-private xmlns="http://www.netbeans.org/ns/project-private/1">
    <editor-bookmarks xmlns="http://www.netbeans.org/ns/editor-bookmarks/2" lastBookmarkId="0"/>
    <open-files xmlns="http://www.netbeans.org/ns/projectui-open-files/2">
        <group>
            <file>file:/C:/Users/thaia/OneDrive%20-%20UDESC%20Universidade%20do%20Estado%20de%20Santa%20Catarina/Faculdade/FASE_3/DOO2/UpStairs/UpStairs/src/Controller/CadastroController.java</file>
            <file>file:/C:/Users/thaia/OneDrive%20-%20UDESC%20Universidade%20do%20Estado%20de%20Santa%20Catarina/Faculdade/FASE_3/DOO2/UpStairs/UpStairs/src/Dao/GenericDAOImp.java</file>
            <file>file:/C:/Users/thaia/OneDrive%20-%20UDESC%20Universidade%20do%20Estado%20de%20Santa%20Catarina/Faculdade/FASE_3/DOO2/UpStairs/UpStairs/src/Views/ViewAtualizarCadastro.java</file>
            <file>file:/C:/Users/thaia/OneDrive%20-%20UDESC%20Universidade%20do%20Estado%20de%20Santa%20Catarina/Faculdade/FASE_3/DOO2/UpStairs/UpStairs/src/Controller/UpdateController.java</file>
            <file>file:/C:/Users/thaia/OneDrive%20-%20UDESC%20Universidade%20do%20Estado%20de%20Santa%20Catarina/Faculdade/FASE_3/DOO2/UpStairs/UpStairs/src/Views/ViewPerfil.java</file>
        </group>
    </open-files>
</project-private>
